{"count":1,"self":7.9425783999999995,"total":26.154296799999997,"children":{"AgentResetIfDone":{"count":791,"self":0.014013999999999999,"total":0.014013999999999999,"children":null},"AgentSendState":{"count":791,"self":0.011013499999999999,"total":0.015019699999999999,"children":{"CollectObservations":{"count":791,"self":0.0040062,"total":0.0040062,"children":null}}},"DecideAction":{"count":791,"self":15.1934288,"total":18.1626665,"children":{"CameraSensor.WriteToTensor":{"count":791,"self":2.9692372,"total":2.9692373,"children":null}}},"AcademyStep":{"count":791,"self":0.0040038999999999995,"total":0.0040038999999999995,"children":null},"AgentAct":{"count":791,"self":0.015013499999999999,"total":0.015013499999999999,"children":null}}}