{"cameraMode":{"drawMode":0,"name":"Shaded","section":"Shading Mode"},"sceneLighting":false,"audioPlay":false,"sceneViewState":{"showFog":true,"showMaterialUpdate":true,"showSkybox":false,"showFlares":true,"showImageEffects":true,"showParticleSystems":true},"in2DMode":false,"pivot":{"x":1.1920928955078126e-7,"y":1.5810155868530274,"z":1.6737074851989747},"rotation":{"x":-0.06106843054294586,"y":-0.6037235260009766,"z":0.04646311700344086,"w":-0.7934966087341309},"size":14.488550186157227,"orthographic":false}