{"cameraMode":{"drawMode":0,"name":"Shaded","section":"Shading Mode"},"sceneLighting":true,"audioPlay":false,"sceneViewState":{"showFog":true,"showMaterialUpdate":true,"showSkybox":true,"showFlares":true,"showImageEffects":true,"showParticleSystems":true},"in2DMode":false,"pivot":{"x":29.770553588867189,"y":-0.11016654968261719,"z":23.49039649963379},"rotation":{"x":-0.06106843054294586,"y":-0.6037235260009766,"z":0.04646311700344086,"w":-0.7934966087341309},"size":71.76319885253906,"orthographic":false}