{"cameraMode":{"drawMode":0,"name":"Shaded","section":"Shading Mode"},"sceneLighting":true,"audioPlay":false,"sceneViewState":{"showFog":true,"showMaterialUpdate":true,"showSkybox":true,"showFlares":true,"showImageEffects":true,"showParticleSystems":true},"in2DMode":false,"pivot":{"x":-23.305500030517579,"y":12.684954643249512,"z":6.949161052703857},"rotation":{"x":-0.15908043086528779,"y":-0.5618986487388611,"z":0.11116114258766175,"w":-0.8041201829910278},"size":3.848728895187378,"orthographic":false}